Do you want to continue your bachelors studies and obtain a degree in computer science?,[I have a bachelors degree in computer science., 0.8513656, I live in the Netherlands., 0.79126096, I worked as a web developer for 2 years., 0.7302415, I didnt like computer architecture and logical circuits courses., 0.6838211, I graduated from Tilburg university., 0.638342, I like Indian food., 0.6130341, My interesting bachelor courses are data structureðŸ”¥ algorithmðŸ”¥ data miningðŸ”¥ and artificial intelligence., 0.60392416, Im allergic to peanuts., 0.5898505, My TOEFL SCORE is 91., 0.5628527, My bachelors GPA is 5.6., 0.5560156, Im 26 years old., 0.336931  
Do you want to study in the NetherlandsðŸ”¥ EuropeðŸ”¥ or somewhere further away?,[I live in the Netherlands., 0.7815508, I have a bachelors degree in computer science., 0.7674604, I didnt like computer architecture and logical circuits courses., 0.658041, I worked as a web developer for 2 years., 0.65189654, I graduated from Tilburg university., 0.62060803, I like Indian food., 0.60103965, Im allergic to peanuts., 0.58844346, My interesting bachelor courses are data structureðŸ”¥ algorithmðŸ”¥ data miningðŸ”¥ and artificial intelligence., 0.5528911, My TOEFL SCORE is 91., 0.51431763, My bachelors GPA is 5.6., 0.50205183, Im 26 years old., 0.3275958  
I can help you with finding a university for continuing your studies in the Netherlands as a computer science student. Take a look at these Top Computer Science Universities in the Netherlands: Delft University of TechnologyðŸ”¥ Eindhoven University of TechnologyðŸ”¥ Vrije Universiteit AmsterdamðŸ”¥ University of AmsterdamðŸ”¥ Leiden UniversityðŸ”¥ Radboud UniversityðŸ”¥ Utrecht UniversityðŸ”¥ University of Twente,[I have a bachelors degree in computer science., 0.8298124, I live in the Netherlands., 0.8030606, I worked as a web developer for 2 years., 0.75833035, I graduated from Tilburg university., 0.6252954, My interesting bachelor courses are data structureðŸ”¥ algorithmðŸ”¥ data miningðŸ”¥ and artificial intelligence., 0.5879387, I didnt like computer architecture and logical circuits courses., 0.58572406, My TOEFL SCORE is 91., 0.5773534, My bachelors GPA is 5.6., 0.55114317, I like Indian food., 0.51826394, Im allergic to peanuts., 0.47261822, Im 26 years old., 0.41400155  
Based on the ranking of research.com the top three universities are as follows: 1. Delft University of TechnologyðŸ”¥ 2. University of Amsterdam UVAðŸ”¥ 3. Eindhoven University of Technology.,[I worked as a web developer for 2 years., 0.6786095, I live in the Netherlands., 0.6680272, I have a bachelors degree in computer science., 0.6641533, My TOEFL SCORE is 91., 0.61053175, I graduated from Tilburg university., 0.53602225, My interesting bachelor courses are data structureðŸ”¥ algorithmðŸ”¥ data miningðŸ”¥ and artificial intelligence., 0.53415304, I didnt like computer architecture and logical circuits courses., 0.52723604, My bachelors GPA is 5.6., 0.50842494, Im 26 years old., 0.47720176, I like Indian food., 0.4732444, Im allergic to peanuts., 0.46352738  
Delft University of Technology Cost: EUR2ðŸ”¥083 per year for Dutch and EU students. The Eindhoven University of Technology Undergraduate Tuition Fees is EUR 2ðŸ”¥200 USD $2ðŸ”¥500 Per Year for Swiss & EU students.,[I worked as a web developer for 2 years., 0.55727935, I live in the Netherlands., 0.5236738, My TOEFL SCORE is 91., 0.5225781, My interesting bachelor courses are data structureðŸ”¥ algorithmðŸ”¥ data miningðŸ”¥ and artificial intelligence., 0.52044445, I have a bachelors degree in computer science., 0.50676566, My bachelors GPA is 5.6., 0.49745408, I graduated from Tilburg university., 0.48137912, I didnt like computer architecture and logical circuits courses., 0.41273636, Im 26 years old., 0.38346273, I like Indian food., 0.3740201, Im allergic to peanuts., 0.34757796  
Where do you live?,[I didnt like computer architecture and logical circuits courses., 0.6584307, I like Indian food., 0.6215272, I live in the Netherlands., 0.5844689, I have a bachelors degree in computer science., 0.57779074, I graduated from Tilburg university., 0.57000333, I worked as a web developer for 2 years., 0.5139857, My interesting bachelor courses are data structureðŸ”¥ algorithmðŸ”¥ data miningðŸ”¥ and artificial intelligence., 0.47440925, Im allergic to peanuts., 0.47390538, My bachelors GPA is 5.6., 0.4418945, My TOEFL SCORE is 91., 0.4385233, Im 26 years old., 0.21931092  
Trains traveling from Amsterdam to Utrecht cover a distance of around 22 miles 36 km during the journey.,[I worked as a web developer for 2 years., 0.77769053, I have a bachelors degree in computer science., 0.76453495, I live in the Netherlands., 0.7480193, I graduated from Tilburg university., 0.6216801, Im 26 years old., 0.5750012, My TOEFL SCORE is 91., 0.5482038, I didnt like computer architecture and logical circuits courses., 0.5395811, My interesting bachelor courses are data structureðŸ”¥ algorithmðŸ”¥ data miningðŸ”¥ and artificial intelligence., 0.5131202, Im allergic to peanuts., 0.5001313, I like Indian food., 0.49903432, My bachelors GPA is 5.6., 0.48363346  
Good luck!,[My interesting bachelor courses are data structureðŸ”¥ algorithmðŸ”¥ data miningðŸ”¥ and artificial intelligence., 0.28626534, My bachelors GPA is 5.6., 0.27378988, I worked as a web developer for 2 years., 0.22985952, My TOEFL SCORE is 91., 0.22409792, I live in the Netherlands., 0.18895283, I like Indian food., 0.18831825, I have a bachelors degree in computer science., 0.18484733, I graduated from Tilburg university., 0.17126083, I didnt like computer architecture and logical circuits courses., 0.16025728, Im 26 years old., 0.13458286, Im allergic to peanuts., 0.07526275  
SureðŸ”¥ do you want to study computer science?,[I plan to move to Canada., 0.8763912, I have bachelors degree in computer science., 0.6891359, Im used to heavy rains in the Netherlands., 0.6871211, I dont have a drivers license., 0.6823325, I speak English fluently., 0.6311422, I dont like crazy cold weather., 0.6240336, I graduated from UvA., 0.60904783, Im from the Netherlands., 0.39629096  
Here are the top universities for computer science in Canada: 1 University of British ColumbiaðŸ”¥ 2 University of AlbertaðŸ”¥ 3Concordia UniversityðŸ”¥ 4 Simon Fraser UniversityðŸ”¥ 5The University of Toronto,[Im used to heavy rains in the Netherlands., 0.65264255, I have bachelors degree in computer science., 0.62653244, Im from the Netherlands., 0.48242837, I plan to move to Canada., 0.44771418, I dont have a drivers license., 0.43972635, I graduated from UvA., 0.43444824, I speak English fluently., 0.33430392, I dont like crazy cold weather., 0.3290319  
I know you dont like very cold weatherðŸ”¥ but can you give me an estimation of the temperature that is acceptable for you?,[I dont have a drivers license., 0.8441512, I have bachelors degree in computer science., 0.78684366, I dont like crazy cold weather., 0.7795281, Im used to heavy rains in the Netherlands., 0.7456029, I plan to move to Canada., 0.73439217, I graduated from UvA., 0.71727616, I speak English fluently., 0.713418, Im from the Netherlands., 0.5859516  
University of British Columbia in Vancouver has temperatures near 80 degrees Fahrenheit 27 degrees Celsius in summer and up to 45 degrees Fahrenheit about 7 degrees Celsius in winter which can be suitable for you. The University of Toronto is acceptable since it has cold wintersðŸ”¥ average temperatures can drop below -10 deg C but not below 12 degrees for long. The Concordia University in Montreal is not suitable for you since in the winterðŸ”¥ it could reach minus 40 with the wind chill. The University of Alberta is also not suitable for you. In winter the average temperature varies between -6.5degC 20.3degF and -13.5degC 7.7degF. Simon Fraser University is not acceptable to you. The city in which the university is located will reach temperatures of -14 in the winter.,[I have bachelors degree in computer science., 0.79622084, Im used to heavy rains in the Netherlands., 0.78666294, I dont have a drivers license., 0.67892325, I plan to move to Canada., 0.66491663, I graduated from UvA., 0.61180687, I dont like crazy cold weather., 0.56250346, I speak English fluently., 0.54859126, Im from the Netherlands., 0.5229262  
SureðŸ”¥ what do you want to know about? Do you want to know about its campusðŸ”¥ communityðŸ”¥ or programs?,[I plan to move to Canada., 0.8397121, I dont have a drivers license., 0.7017882, I have bachelors degree in computer science., 0.68956554, Im used to heavy rains in the Netherlands., 0.66036075, I speak English fluently., 0.6544795, I dont like crazy cold weather., 0.6445516, I graduated from UvA., 0.631668, Im from the Netherlands., 0.40162614  
University of Toronto Ranked 11th for Computer Science & Information Systems by QS Subject Rankings 2019ðŸ”¥ University of Toronto has been at the forefront of education for over 50 years. Here are some of the best CS courses at the university. COMPUTER SCIENCE PROGRAMMES AT THE UNIVERSITY OF TORONTO Degree: Honors Bachelor of Science Course Duration: 3 years Computer Science Programmes to choose from: Data Science Specialist Science Program Computer Science Specialist Focus in Artificial Intelligence Focus in Computational Linguistics and Natural Language Processing Focus in Computer System Focus in Computer Vision Focus in Game Design Focus in Human-Computer interaction Focus in Scientific Computing Focus in Theory of Computation Focus in Web and Internet Technologies Popular Masters Programmes: Masters in Applied Computing Duration - 1 year 4 months Application deadline - In the month of December Masters in Information Duration - 2 years Application Deadline - In the month of April MSc Computer Science Duration - 3 years Application deadline - In the month of December 2. University of British Columbia Founded in 1908ðŸ”¥ the University of British Columbia was ranked 51st in the world and 3rd in Canada QS World University Rankings 2020.,[I have bachelors degree in computer science., 0.72237796, Im used to heavy rains in the Netherlands., 0.6839051, I plan to move to Canada., 0.520684, I dont have a drivers license., 0.51745754, I graduated from UvA., 0.5015485, Im from the Netherlands., 0.4509657, I speak English fluently., 0.43294415, I dont like crazy cold weather., 0.37162912  
It offers 5 bachelorsðŸ”¥ 4 mastersðŸ”¥ and 2 doctoral degrees in the field of computer science. Find below some of the popular computer science programs along with their fee details offered at the University of British Columbia: Undergraduate Computer Science Courses at UBC Bachelor of Science [ B.Sc in Computer Science: $30ðŸ”¥573 Bachelor of Applied Science [ B.ASc in Computer Engineering: $38ðŸ”¥129 Bachelor of Arts [ B.A in Computer Science: $29ðŸ”¥680 Bachelor of Commerce,[I have bachelors degree in computer science., 0.7025797, Im used to heavy rains in the Netherlands., 0.6415941, I dont have a drivers license., 0.5127644, I plan to move to Canada., 0.50111896, I graduated from UvA., 0.4927118, Im from the Netherlands., 0.42723852, I speak English fluently., 0.40898383, I dont like crazy cold weather., 0.36003062  
The University of British Columbia is a public educational institution located in the Canadian province of British Columbia. It was founded in 1908 and has two main campuses- the Vancouver campus and the Okanagan campus located in Kelowna. It is ranked #31 in Best Global Universities and #48 in Best Universities for Computer Science by the US News and World Report Rankings. UBC is ranked #46 in the QS Global Ranking 2022.,[Im used to heavy rains in the Netherlands., 0.74123853, I have bachelors degree in computer science., 0.73370343, I dont have a drivers license., 0.5757741, I plan to move to Canada., 0.553907, I graduated from UvA., 0.5216034, Im from the Netherlands., 0.50391865, I speak English fluently., 0.4541542, I dont like crazy cold weather., 0.41034776  
These universities require English-language proficiency and they have a minimum score for the TOEFL test. Do you remember your TOEFL score?,[I dont have a drivers license., 0.7262841, I have bachelors degree in computer science., 0.68921036, I plan to move to Canada., 0.64081234, Im used to heavy rains in the Netherlands., 0.60506636, I speak English fluently., 0.5992179, I graduated from UvA., 0.5780548, I dont like crazy cold weather., 0.5627892, Im from the Netherlands., 0.41337177  
You are only eligible for the University of British Columbia. Here is what I found on the minimum TOEFL and GPA requirements of both universities. The University of Toronto accepts applicants who have taken several English language tests. Here is the list of minimum score requirements for various English proficiency tests to seek admission to the U of T: For IELTSðŸ”¥ the minimum accepted score is 6.5. For TOEFLðŸ”¥ the total accepted score is 100. AlsoðŸ”¥ the candidate must have a minimum G.P.A. of 3.7. University of British Columbia - Vancouver - Canada and G+PSs graduate student-specific information. TOEFL Test of English as a Foreign Language The minimum TOEFL score required for all applicants to the Faculty of Graduate and Postdoctoral Studies is 90 for the internet-based exam. AlsoðŸ”¥ Minimum required grades Graduate degreeðŸ”¥ Minimum required grades Graduate degree: GPA 3.3-3.7,[I have bachelors degree in computer science., 0.7335608, Im used to heavy rains in the Netherlands., 0.72367007, I dont have a drivers license., 0.68374205, I plan to move to Canada., 0.63939005, I graduated from UvA., 0.58558375, I speak English fluently., 0.53425336, Im from the Netherlands., 0.52792567, I dont like crazy cold weather., 0.506026  
Best of luck!,[Im used to heavy rains in the Netherlands., 0.4626581, I have bachelors degree in computer science., 0.420433, Im from the Netherlands., 0.33462933, I dont have a drivers license., 0.32453975, I plan to move to Canada., 0.30161926, I graduated from UvA., 0.2963022, I dont like crazy cold weather., 0.23442557, I speak English fluently., 0.20531532  
There are a number of sights to see in Doha. There is the Museum of Islamic Art and the National Museum of Qatar that presents the history of Qatar. You are also able to visit the Grand Mosque. There is also a man-made island called Pearl Island with entertainment venues and many shops. And of courseðŸ”¥ there is the famous Souk Waqif which has both camel and falcon markets as well as souvenirs and crafts.,[Im interested in the culture and history of different countries., 0.8343908, I live in the United States., 0.77622813, I occasionally smoke and drink., 0.59487176, Im a big Lakers fan., 0.5682372, I like sightseeing., 0.5526233, I enjoy shopping., 0.53894305, I hate long flights., 0.5232501, I dislike hot weather., 0.4962612, I am partially disabled., 0.4798155, Im 35 years old., 0.3809974  
There are tours out in the desert. Specially equipped vehicles drive over the sand dunesðŸ”¥ sometimes at high speeds. You can also have a camel ride and watch a demonstration of falconry.,[I live in the United States., 0.78371245, Im interested in the culture and history of different countries., 0.7804462, I occasionally smoke and drink., 0.6060406, Im a big Lakers fan., 0.59593964, I like sightseeing., 0.5458843, I hate long flights., 0.5362474, I dislike hot weather., 0.53455585, I enjoy shopping., 0.53294295, I am partially disabled., 0.47475734, Im 35 years old., 0.39443102  
There are many great restaurants in Doha. Qatar is famous for its food. There are international restaurants but of course many with local cuisine. What kind of restaurant would you like to try?,[Im interested in the culture and history of different countries., 0.8249148, I live in the United States., 0.76676947, I occasionally smoke and drink., 0.60483104, I like sightseeing., 0.5796728, I enjoy shopping., 0.5629107, I hate long flights., 0.55938655, Im a big Lakers fan., 0.53199095, I dislike hot weather., 0.531042, I am partially disabled., 0.4976506, Im 35 years old., 0.37686837  
Majboos is a traditional Qatari dish made with rice and lamb. You will find it in many local restaurants including Al ManchabðŸ”¥ OpusðŸ”¥ and Al Hubara.,[I live in the United States., 0.7154805, Im interested in the culture and history of different countries., 0.65801746, I occasionally smoke and drink., 0.64958465, I like sightseeing., 0.6027613, I enjoy shopping., 0.57756513, I hate long flights., 0.5608958, I dislike hot weather., 0.55797523, Im a big Lakers fan., 0.5491366, I am partially disabled., 0.5274027, Im 35 years old., 0.42219335  
The waterfront or corniche runs along Doha Bay. There is a promenade and park there where people like to gather. Public art is on display. There are food kiosks there. It is particularly beautiful at dawn when the sun reflects off the citys buildingsðŸ”¥ or in the evenings when there are fireworks.,[I live in the United States., 0.7815381, Im interested in the culture and history of different countries., 0.7659651, I occasionally smoke and drink., 0.63866174, Im a big Lakers fan., 0.5877538, I like sightseeing., 0.58371544, I enjoy shopping., 0.5743225, I dislike hot weather., 0.5638115, I hate long flights., 0.5621737, I am partially disabled., 0.5410849, Im 35 years old., 0.40393212  
There are many places to go shopping in Doha. There are at least 20 large shopping malls in Doha with hundreds of stores. Most of the stores offer high-end and luxury goods. Most shopping malls in Doha also offer a variety of entertainment and dining options.,[I live in the United States., 0.81108016, Ive lived in many states in the US., 0.80377346, In my childhoodðŸ”¥ I had a bike accident., 0.72346, I like to socialize with my friends., 0.680185, I like to shop., 0.6536673, I like to take photographs., 0.6480452, I am a collector., 0.58321285, I live alone., 0.5185356  
The City Center Mall is the oldest and largest shopping mall in Doha. It is one of the most visited attractions in Doha. There are more than 350 storesðŸ”¥ many restaurantsðŸ”¥ a movie theaterðŸ”¥ and a variety of services that you might need. A Fun City Zone offers children activities such as wall climbingðŸ”¥ go-kartingðŸ”¥ and arcade games. Would you like to know about another large shopping mall?,[I live in the United States., 0.7842845, In my childhoodðŸ”¥ I had a bike accident., 0.7614108, Ive lived in many states in the US., 0.7256424, I like to socialize with my friends., 0.68532985, I like to take photographs., 0.6728488, I like to shop., 0.67255396, I am a collector., 0.6506985, I live alone., 0.56259465  
The most famous and most visited souk in Doha is the Souk Waqif. There is a multitude of stalls selling foodðŸ”¥ spicesðŸ”¥ goldðŸ”¥ clothingðŸ”¥ perfumesðŸ”¥ animalsðŸ”¥ household suppliesðŸ”¥ antiquesðŸ”¥ and handicrafts in the Souk Waqif. There is a large area with many restaurants. Unique to the Souk Waqif is the Falcon Souk where the birds themselves are actually on display and sold there. This is a popular area for photographers.,[I live in the United States., 0.7549418, In my childhoodðŸ”¥ I had a bike accident., 0.72125995, Ive lived in many states in the US., 0.7183501, I like to socialize with my friends., 0.6307603, I am a collector., 0.6218789, I like to shop., 0.61096835, I like to take photographs., 0.5977988, I live alone., 0.50399345  
Do you want to know the fabric shops of Doha?,[I like to take photographs., 0.8321654, I like to shop., 0.8109492, I like to socialize with my friends., 0.7779004, I live in the United States., 0.70444477, In my childhoodðŸ”¥ I had a bike accident., 0.66978806, I live alone., 0.63074976, I am a collector., 0.6116425, Ive lived in many states in the US., 0.5448977  
The textile section is one of the most popular in the Souk Waqif. There are many shops that sell colorful fabrics by the yard that can be used for clothing or home goods. In additionðŸ”¥ tailors are available to turn your fabric purchases into custom-made garments or objects.,[I live in the United States., 0.78754383, Ive lived in many states in the US., 0.74109596, In my childhoodðŸ”¥ I had a bike accident., 0.7365717, I like to shop., 0.6946883, I like to take photographs., 0.6936005, I like to socialize with my friends., 0.6920784, I am a collector., 0.602733, I live alone., 0.5583876  
Fabric stores are not found in shopping mallsðŸ”¥ but there are some fabric stores located around the city. Here are some well-known fabric shops in Doha: Essa Al Suwaidi & Sons Co.ðŸ”¥ the Bouquet storeðŸ”¥ FIOURðŸ”¥ and the Souk Al-Diera.,[I live in the United States., 0.72401065, Ive lived in many states in the US., 0.71253455, In my childhoodðŸ”¥ I had a bike accident., 0.61846673, I like to shop., 0.5881101, I like to socialize with my friends., 0.5815353, I like to take photographs., 0.5606166, I am a collector., 0.50053024, I live alone., 0.4923236  
SureðŸ”¥ do you mean RomeðŸ”¥ Italy? Perhaps RomeðŸ”¥ New York?,[I like to try new restaurants., 0.66006297, I like to travel., 0.6428224, I like European culture., 0.59900975, I live in the United States., 0.5894131, I enjoy watching Netflix., 0.5599715, Sometimes I read novels., 0.5434003, I enjoy baking cakes., 0.5377765, I am Catholic., 0.48577896, I am partially disabled., 0.47847274  
Rome is a great city. There are many factors to consider to choose a hotel: locationðŸ”¥ priceðŸ”¥ and services. Would you like to be near the Vatican or Trevi or the Forum?,[I like to try new restaurants., 0.8029685, I like to travel., 0.7949562, I live in the United States., 0.74245536, I like European culture., 0.6302667, I enjoy watching Netflix., 0.5902924, Sometimes I read novels., 0.57187194, I enjoy baking cakes., 0.55397356, I am partially disabled., 0.5398671, I am Catholic., 0.52478886  
You can stay close to Vatican City. There are many hotels near the Vatican. Here are some hotels near the Vatican: the Boutique Hotel RomeðŸ”¥ Hotel VespasianoðŸ”¥ and Hotel S. Anna. Would you like to learn about any of these?,[I live in the United States., 0.73556185, I like to try new restaurants., 0.7337615, I like to travel., 0.7083398, I like European culture., 0.58826876, I enjoy watching Netflix., 0.5635888, Sometimes I read novels., 0.5376302, I enjoy baking cakes., 0.52904755, I am partially disabled., 0.47970316, I am Catholic., 0.46978357  
Of course. There are many hotels near the central train station. Here are some hotels near the central Termini Station: Hotel RiminiðŸ”¥ Hotel FirenzaðŸ”¥ and Hotel Positano.,[I live in the United States., 0.6346351, I like to try new restaurants., 0.49038878, I like to travel., 0.46198332, I like European culture., 0.43727294, I enjoy watching Netflix., 0.41368365, I enjoy baking cakes., 0.39339682, Sometimes I read novels., 0.38708693, I am partially disabled., 0.3530683, I am Catholic., 0.3427555  
Yes. There are many hotels near the Spanish Steps. Here are some: Hotel GoldenðŸ”¥ Hotel Piazza di SpagnaðŸ”¥ and Hotel Fellini. Would you like to learn about any of these?,[I like to try new restaurants., 0.67986685, I live in the United States., 0.6756012, I like to travel., 0.65636235, I like European culture., 0.57324225, I enjoy watching Netflix., 0.541795, Sometimes I read novels., 0.5224453, I enjoy baking cakes., 0.5187665, I am partially disabled., 0.46548492, I am Catholic., 0.45402277  
Yes. Among othersðŸ”¥ the following hotels have elevators to make them accessible: Hotel GoldenðŸ”¥ Hotel ManfrediðŸ”¥ and Hotel Inghilterra.,[I like to try new restaurants., 0.64657533, I like to travel., 0.6121747, I live in the United States., 0.58748645, I like European culture., 0.45134646, I enjoy watching Netflix., 0.43853948, Sometimes I read novels., 0.4284273, I enjoy baking cakes., 0.42454666, I am partially disabled., 0.34481072, I am Catholic., 0.32483685  
Where are you traveling to?,[I like to take photographs., 0.55402684, I have trouble sleeping when its noisy., 0.5476127, I like to shop., 0.53220916, I like vegeterian food., 0.5260417, I love it when it snows., 0.5136841, I live in the United States., 0.49733034, I enjoy jazz music., 0.48331994, I have a degree in Classics., 0.46310326, Today is the 10th of November., 0.403851, Im not religious., 0.36520356, Im in between jobs., 0.2985461  
There are many hotels in Rome. Do you have any specific requirements? Do you have a location in mind?,[I have a degree in Classics., 0.8246303, I live in the United States., 0.7766542, I like to take photographs., 0.74631506, I like to shop., 0.7190298, I like vegeterian food., 0.6364543, I love it when it snows., 0.6338204, I have trouble sleeping when its noisy., 0.62073976, Today is the 10th of November., 0.60975146, I enjoy jazz music., 0.59245235, Im in between jobs., 0.5380753, Im not religious., 0.37365443  
Since you will be in Rome during the Advent seasonðŸ”¥ maybe you would like to be close to Vatican City? There are special masses and events during the holidays.,[I like to take photographs., 0.8102187, I like to shop., 0.7923549, I have a degree in Classics., 0.7783477, I live in the United States., 0.7729409, Today is the 10th of November., 0.67228127, I love it when it snows., 0.67056555, I have trouble sleeping when its noisy., 0.6632222, I like vegeterian food., 0.59415925, Im in between jobs., 0.5650587, I enjoy jazz music., 0.5523318, Im not religious., 0.44050258  
How about near the Piazza Navona? It is a popular tourist area and is in the city center. There are many restaurants and hotels nearby.,[Today is the 10th of November., 0.82336366, I have a degree in Classics., 0.7974516, I live in the United States., 0.7643515, I love it when it snows., 0.6471101, I like to shop., 0.62241054, I like to take photographs., 0.61612356, I have trouble sleeping when its noisy., 0.58553, Im in between jobs., 0.57341766, I like vegeterian food., 0.5434172, I enjoy jazz music., 0.5054058, Im not religious., 0.3824822  
Hotels near the Piazza Navona include the Hotel NavonaðŸ”¥ the Eitch Borromini PalazzoðŸ”¥ the Hotel Martis PalaceðŸ”¥ and the Hotel Raphael.,[Today is the 10th of November., 0.58164, I live in the United States., 0.52446765, I have a degree in Classics., 0.45424515, Im in between jobs., 0.34131494, I like to take photographs., 0.33089092, I love it when it snows., 0.32505208, I like to shop., 0.32123473, I have trouble sleeping when its noisy., 0.3037883, I enjoy jazz music., 0.25658983, I like vegeterian food., 0.23581879, Im not religious., 0.13790761  
The Hotel Navona is a small hotel within walking distance of the Piazza Navona. It is located in a historic building that has been fully modernized with air conditioningðŸ”¥ wi-fiðŸ”¥ and an elevator. There is a restaurant at the hotel that serves breakfast to guests. Would you like to know more about another hotel?,[I have a degree in Classics., 0.8579739, Today is the 10th of November., 0.8277487, I live in the United States., 0.76506287, I like to take photographs., 0.70138294, I like to shop., 0.69670516, I love it when it snows., 0.67194945, I have trouble sleeping when its noisy., 0.613929, I like vegeterian food., 0.56979245, Im in between jobs., 0.56072897, I enjoy jazz music., 0.53073514, Im not religious., 0.38408458  
The Hotel Raphael is also located near the Piazza Navona. It is a small luxury hotel. From here you will be able to walk to many of the famous tourist sites. The hotel building has been thoroughly modernized with an elevatorðŸ”¥ wi-fi and air conditioning.  Breakfast is available at the hotel.,[Today is the 10th of November., 0.82562643, I have a degree in Classics., 0.80824727, I live in the United States., 0.74724144, I like to shop., 0.7117938, I like to take photographs., 0.7101741, I love it when it snows., 0.67132163, I have trouble sleeping when its noisy., 0.63740045, I like vegeterian food., 0.57361794, Im in between jobs., 0.548586, I enjoy jazz music., 0.535668, Im not religious., 0.40735474  
Are any of your guests vegan or vegetarian? Do you need to find some vegetarian recipes?,[I like to entertain family and friends., 0.7722927, I like to try new recipes., 0.7562764, I do not like anchovies., 0.7544317, I like to cook., 0.72930485, I am not vegan or vegetarian., 0.7209395, I have a big family., 0.6623114, I live in the United States., 0.66003376, I like rhubarb., 0.63348687, I play badminton., 0.6094822, Im a Whole Foods customer., 0.48604667, Im retired., 0.21505985  
Crispy tofu is good. Cubes of tofu are tossed in cornstarch and browned in a pan or air-fried. Tossed with a spicy sauce it can be served at room temperature for a good picnic side dish. Use bottled sauce if you dont want to make your own.,[I have a big family., 0.79990923, I live in the United States., 0.7707751, I like to entertain family and friends., 0.7617674, I like to try new recipes., 0.74313676, I like to cook., 0.7403949, I am not vegan or vegetarian., 0.700329, I do not like anchovies., 0.69186807, Im a Whole Foods customer., 0.6879407, I like rhubarb., 0.6195336, I play badminton., 0.6128, Im retired., 0.33468282  
Make some hummus sandwiches. You can make your own hummus or buy it in a tub. Make some sandwiches by spreading hummus on one side of a wrap/tortilla. Add roastedðŸ”¥ pickledðŸ”¥ or fresh vegetables of your choice. Roll up and secure with picks. Slice to serve.,[I live in the United States., 0.7536009, I have a big family., 0.7457619, I like to entertain family and friends., 0.7389106, I like to try new recipes., 0.7188973, I like to cook., 0.690662, Im a Whole Foods customer., 0.65995336, I am not vegan or vegetarian., 0.64049065, I do not like anchovies., 0.6263374, I play badminton., 0.55762255, I like rhubarb., 0.55747926, Im retired., 0.29087186  
Pasta salads are so versatile and easy. There are many recipes. Any kind of pasta can be used. All kinds of vegetables can be added. Try using canned beansðŸ”¥ chopped onionsðŸ”¥ celeryðŸ”¥ red or green peppersðŸ”¥ shredded carrotsðŸ”¥ olivesðŸ”¥ tiny tomatoesðŸ”¥ frozen cornðŸ”¥ or peas. Leave out any meats or cheese to make it vegetarian. Make a beautiful and tasty vinaigrette. Choose your oil and vinegar. Season well to your tastes. Try adding saltðŸ”¥ pepperðŸ”¥ garlicðŸ”¥ Italian SeasoningðŸ”¥ mustardðŸ”¥ or even maple syrup. Leave out the mayonnaise or sour cream to make it safe at room temperature.,[I like to entertain family and friends., 0.7776631, I like to try new recipes., 0.7584569, I like to cook., 0.7319089, I have a big family., 0.7273958, I am not vegan or vegetarian., 0.7155539, I do not like anchovies., 0.7154045, I live in the United States., 0.7045115, I like rhubarb., 0.63125956, I play badminton., 0.6090016, Im a Whole Foods customer., 0.6089929, Im retired., 0.322462  
Every picnic must have coleslaw! To the shredded cabbageðŸ”¥ try adding some shredded carrots or broccoli. For the dressingðŸ”¥ choose your vinegar and seasonings such as saltðŸ”¥ pepperðŸ”¥ sugarðŸ”¥ maple syrupðŸ”¥ mustardðŸ”¥ celery seedsðŸ”¥ or chili flakes. Since it will be served at room temperatureðŸ”¥ dont add any mayonnaise.,[I like to entertain family and friends., 0.7721954, I like to try new recipes., 0.7514528, I like to cook., 0.72790504, I do not like anchovies., 0.7162957, I have a big family., 0.7156948, I live in the United States., 0.7058848, I am not vegan or vegetarian., 0.70144403, I like rhubarb., 0.64256245, I play badminton., 0.62538373, Im a Whole Foods customer., 0.59083724, Im retired., 0.31672987  
All you need to make smores is a hot grillðŸ”¥ graham crackersðŸ”¥ marshmallowsðŸ”¥ and milk chocolate candy bars. Dont forget to bring some skewers to roast and toast the marshmallows. With the same ingredients and some flour and eggðŸ”¥ you can also bake some bar cookies. Extra servings of dessert are always good.,[I like to entertain family and friends., 0.79522103, I like to try new recipes., 0.7724916, I like to cook., 0.7459722, I have a big family., 0.72201896, I live in the United States., 0.6934525, I do not like anchovies., 0.6807089, I am not vegan or vegetarian., 0.6145618, Im a Whole Foods customer., 0.59614044, I like rhubarb., 0.5927063, I play badminton., 0.5800639, Im retired., 0.3028926  
Water resource management refers to the planningðŸ”¥ developmentðŸ”¥ and optimization of water resourcesðŸ”¥ often with the goal of sustainability and protection of the environment. It includes managing water resources to balance the needs of different sectors like agricultureðŸ”¥ industryðŸ”¥ and domestic useðŸ”¥ while also ensuring the sustainability of natural ecosystems.,[I like to take care of the flora and fauna around me., 0.84929043, I like to use resources in a sustainable manner., 0.7521604, I am interested in water resource management and its role in ensuring a sustainable future., 0.7483232, I want to learn how to save water in my daily life., 0.7303325, I am interested in budget-friendly equipment for water management., 0.6264376, I am an environmental enthusiast with a passion for sustainable living., 0.6231363, I am keen to learn about the latest technologies., 0.6150426, I live in LondonðŸ”¥ UK., 0.57602113  
Water resource management is important because water is essential for lifeðŸ”¥ agricultureðŸ”¥ and energy. Proper management of water resources helps in developing efficient irrigation practicesðŸ”¥ reducing water and sewer costsðŸ”¥ saving energyðŸ”¥ and ensuring water quality and safety. It also teaches us to use a limited amount of water whenever required and avoid wastage. By managing water resources properlyðŸ”¥ we can preserve water resources for future generations. Water scarcity affects more than 40% of the global population and water-related disasters account for 70% of all deaths related to natural disasters. With current practicesðŸ”¥ the world will face a 40% shortfall between forecast demand and available supply of water by 2030. ThereforeðŸ”¥ it is crucial to manage water resources effectively to ensure sustainability of water useðŸ”¥ build climate resilience and strengthen integrated management. Is there anything else you would like to know?,[I like to take care of the flora and fauna around me., 0.8619585, I like to use resources in a sustainable manner., 0.8385124, I am interested in water resource management and its role in ensuring a sustainable future., 0.82264155, I want to learn how to save water in my daily life., 0.8115474, I am interested in budget-friendly equipment for water management., 0.72522354, I am an environmental enthusiast with a passion for sustainable living., 0.72060645, I am keen to learn about the latest technologies., 0.7125624, I live in LondonðŸ”¥ UK., 0.64843774  
There are several ways to manage water resources efficiently. Some of these include reducing water pollution and contaminationðŸ”¥ treating polluted and contaminated waterðŸ”¥ augmenting freshwater supplies and/or increasing freshwater capacityðŸ”¥ meteringðŸ”¥ measuringðŸ”¥ and managing facility water useðŸ”¥ optimizing cooling towersðŸ”¥ replacing restroom fixturesðŸ”¥ eliminating single-pass coolingðŸ”¥ using water-smart landscaping and irrigationðŸ”¥ controlling steam sterilizer waterðŸ”¥ reusing laboratory culture water and controlling reverse osmosis system operation. Other ways to sustainably use and manage water resources include increasing water efficiencyðŸ”¥ reducing water loss and leaksðŸ”¥ reducing water wasteðŸ”¥ reducing direct and indirect water consumption and managing or restricting water withdrawals. As you want to incorporate water management strategies in your daily lifeðŸ”¥ you could begin by wahing vegetables in a bowl instead of running them under a tap which can waste up to nine litres a minute. You can save up to PS51 a yearðŸ”¥ plus soaking makes them easier to peel. Wait until you have a full load before running your washing machine or dishwasher. Cutting just one cycle a week will save over 5ðŸ”¥000 litres of water and PS7 a year. Swapping a daily bath for a shower uses less than half as much waterðŸ”¥ saving you around PS50 a year.,[I like to use resources in a sustainable manner., 0.86962426, I like to take care of the flora and fauna around me., 0.82727015, I want to learn how to save water in my daily life., 0.81976765, I am interested in water resource management and its role in ensuring a sustainable future., 0.8179808, I am an environmental enthusiast with a passion for sustainable living., 0.7399577, I am interested in budget-friendly equipment for water management., 0.7068023, I am keen to learn about the latest technologies., 0.6901117, I live in LondonðŸ”¥ UK., 0.6419444  
YesðŸ”¥ there are many technologies used in water resource management. For exampleðŸ”¥ Remote Sensing and Geographic Information Systems GIS can help in mapping and analyzing water resources. AlsoðŸ”¥ there are various water treatment technologiesðŸ”¥ like reverse osmosis and nanofiltrationðŸ”¥ that can help in wastewater treatment and desalination. As you would like to incorporate water management strategies in your lifeðŸ”¥ you could also try a home reverse osmosis filter membrane water purifiers to make tap water of any quality absolutely safe. Its much more budget-friendly to install a reverse osmosis water purification system right in the kitchen under the sink than to buy bottled water. The cost of water you get at home is at least 10 times less.,[I like to use resources in a sustainable manner., 0.8880262, I like to take care of the flora and fauna around me., 0.8648832, I want to learn how to save water in my daily life., 0.8597614, I am interested in water resource management and its role in ensuring a sustainable future., 0.8547462, I am interested in budget-friendly equipment for water management., 0.76788044, I am keen to learn about the latest technologies., 0.7486345, I am an environmental enthusiast with a passion for sustainable living., 0.7341396, I live in LondonðŸ”¥ UK., 0.72206724  
I apologize but which ones are you talking about?,[I am keen to learn about the latest technologies., 0.79764503, I am interested in budget-friendly equipment for water management., 0.7766233, I like to take care of the flora and fauna around me., 0.739201, I want to learn how to save water in my daily life., 0.7017646, I like to use resources in a sustainable manner., 0.68987423, I live in LondonðŸ”¥ UK., 0.6827437, I am an environmental enthusiast with a passion for sustainable living., 0.6813555, I am interested in water resource management and its role in ensuring a sustainable future., 0.68002325  
I see. SureðŸ”¥ I can compare the two. Both reverse osmosis and nanofiltration use membranes with fine pores to remove contaminants from water. HoweverðŸ”¥ reverse osmosis RO membranes have much smaller pores 0.0001 microns than nanofiltration NF membranes 0.001-0.01 micronsðŸ”¥ making them more effective at removing contaminants. Nanofiltration is great for removing microorganismsðŸ”¥ suspended solidsðŸ”¥ and organic matter from water. On the other handðŸ”¥ reverse osmosis is ideal for targeting ions such as leadðŸ”¥ chromiumðŸ”¥ or fluoride. Another key difference between the two is that nanofiltration wastes little or no water whereas reverse osmosis can waste up to 50% of the water being filtered. Nanofiltration also uses gravity or pressure from the mains water supply to filter water whereas reverse osmosis uses electricity.,[I like to take care of the flora and fauna around me., 0.83902776, I like to use resources in a sustainable manner., 0.8299105, I am interested in water resource management and its role in ensuring a sustainable future., 0.80266684, I want to learn how to save water in my daily life., 0.79430926, I am interested in budget-friendly equipment for water management., 0.73769474, I am an environmental enthusiast with a passion for sustainable living., 0.7321264, I am keen to learn about the latest technologies., 0.73070294, I live in LondonðŸ”¥ UK., 0.6667658  
GIS is a tool that allows for the storageðŸ”¥ analysisðŸ”¥ and visualization of geographic data. In the context of water resource managementðŸ”¥ it can be used to map water sourcesðŸ”¥ identify patterns of water usageðŸ”¥ model water flow and qualityðŸ”¥ and predict the impacts of environmental changes on water resources. This information can support decision-making for water allocationðŸ”¥ infrastructure planningðŸ”¥ and conservation efforts. Geographic information Systems keep data and records about water sources. The data collected about water resources is stored on servers in different parts of the world. Some of the information is usually as a result of processing done on data collected by GIS. Huge amounts of data related to water resources can thus be stored for shared access with the help of GIS. Big externally launched geospatial satellites that are always on motion and rotating near the earths atmosphere are integrated with GIS and then used to help in inter-continental data and information dissemination. The satellite provides wireless data access to all base stations that request for the geospatial data.,[I like to take care of the flora and fauna around me., 0.8370042, I like to use resources in a sustainable manner., 0.8224225, I am interested in water resource management and its role in ensuring a sustainable future., 0.81981057, I want to learn how to save water in my daily life., 0.7796822, I am interested in budget-friendly equipment for water management., 0.7106389, I am an environmental enthusiast with a passion for sustainable living., 0.70320463, I am keen to learn about the latest technologies., 0.687543, I live in LondonðŸ”¥ UK., 0.65049857  
GIS is a powerful tool for mapping the availability and demand of water resources. HoweverðŸ”¥ a significant challenge lies in data collection and analysisðŸ”¥ particularly in developing and underdeveloped countries. Access to this kind of information and the expertise to utilize it effectively is limited. Despite advancements in research applications over the past two decadesðŸ”¥ there is still an underutilization of remotely sensed data by water resource managers in practice.,[I am interested in water resource management and its role in ensuring a sustainable future., 0.8811447, I like to use resources in a sustainable manner., 0.8667006, I like to take care of the flora and fauna around me., 0.8144224, I want to learn how to save water in my daily life., 0.78004885, I am an environmental enthusiast with a passion for sustainable living., 0.7745254, I am interested in budget-friendly equipment for water management., 0.743461, I live in LondonðŸ”¥ UK., 0.70210034, I am keen to learn about the latest technologies., 0.6943681  
There are several budget-friendly water-efficient appliances and fixtures that you can use to save water at home. Some of these include dishwashers and clothes washing machines that use less water while yielding comparable performance. Popular fixtures include toiletsðŸ”¥ showerheadsðŸ”¥ and faucets.,[I like to take care of the flora and fauna around me., 0.8101373, I like to use resources in a sustainable manner., 0.75701183, I want to learn how to save water in my daily life., 0.7514778, I am interested in water resource management and its role in ensuring a sustainable future., 0.7104458, I am keen to learn about the latest technologies., 0.6689119, I am interested in budget-friendly equipment for water management., 0.6656719, I am an environmental enthusiast with a passion for sustainable living., 0.61651224, I live in LondonðŸ”¥ UK., 0.59124  
Youre welcome! Im glad I could help.,[I am keen to learn about the latest technologies., 0.709973, I am interested in budget-friendly equipment for water management., 0.7027227, I am an environmental enthusiast with a passion for sustainable living., 0.62402016, I like to take care of the flora and fauna around me., 0.6145944, I live in LondonðŸ”¥ UK., 0.6005222, I want to learn how to save water in my daily life., 0.59543747, I am interested in water resource management and its role in ensuring a sustainable future., 0.58868486, I like to use resources in a sustainable manner., 0.58083886  
Certainly! Irritable bowel syndrome IBS is a common disorder that affects the large intestine. Its characterized by abdominal painðŸ”¥ bloatingðŸ”¥ crampingðŸ”¥ and changes in bowel movements. These symptoms can vary from person to person and may include diarrheaðŸ”¥ constipationðŸ”¥ or both.,[I live in a place where it mostly rains., 0.7807195, I lead a busy and often stressful life due to my demanding job., 0.7746219, I often eat fruitsðŸ”¥ especially apples. I also eat a lot of meat and eggs., 0.7442814, I spend a lot of time on my computer for work., 0.7436479, I am open to exploring various treatment optionsðŸ”¥ including both conventional medicine and alternative therapies., 0.7346137, I am working professional who has been experiencing recurring digestive issues for the past few months., 0.69761205, I take the train to my work., 0.68497294, I dont like fish., 0.58415973, I mostly eat outside., 0.5639361, ., 0.34052488  
The exact cause of IBS is unknownðŸ”¥ but several factors may contribute to its development. These include abnormal muscle contractions in the intestinesðŸ”¥ increased sensitivity to pain in the digestive systemðŸ”¥ inflammationðŸ”¥ and changes in gut bacteria. As you are open to exploring various treatment optionsðŸ”¥ I suggest that you focus on dietary changesðŸ”¥ stress reductionðŸ”¥ medications to control diarrhea or constipationðŸ”¥ and probiotics. Its important to consult with a healthcare professional for a proper diagnosis and personalized treatment plan.,[I lead a busy and often stressful life due to my demanding job., 0.8686925, I live in a place where it mostly rains., 0.8450356, I spend a lot of time on my computer for work., 0.84354, I am open to exploring various treatment optionsðŸ”¥ including both conventional medicine and alternative therapies., 0.82541806, I take the train to my work., 0.8208811, I often eat fruitsðŸ”¥ especially apples. I also eat a lot of meat and eggs., 0.792014, I am working professional who has been experiencing recurring digestive issues for the past few months., 0.7446424, I mostly eat outside., 0.6232856, I dont like fish., 0.6080715, ., 0.40479574  
While triggers can vary from person to personðŸ”¥ some common food triggers for IBS include fatty foodsðŸ”¥ spicy foodsðŸ”¥ alcoholðŸ”¥ caffeineðŸ”¥ carbonated drinksðŸ”¥ and certain types of carbohydrates known as FODMAPs. Apples are high in both sorbitol and fructoseðŸ”¥ which are both FODMAPs rapidly-fermented short-chain carbohydrates that can trigger IBS symptoms. Three out of four people with IBS find that apples trigger their symptoms. HenceðŸ”¥ I suggest you refrain from eating too many apples and eat other fruits. Eggs digest easily and are generally considered a safe choice for people with IBS. HoweverðŸ”¥ not every persons body responds to eggs the same way. Some people with IBS may be sensitive to the proteins in egg whitesðŸ”¥ while others may react to the higher fat content of egg yolks. As for meatðŸ”¥ lean meats mainly consist of protein and digest easily. Lean protein such as white meat chickenðŸ”¥ white meat turkeyðŸ”¥ lean porkðŸ”¥ and lean cuts of beef such as sirloinðŸ”¥ filetðŸ”¥ top roundðŸ”¥ eye roundðŸ”¥ and bottom round are generally well-tolerated by people with IBS. Its recommended to keep a food diary to identify any specific foods that may worsen your symptoms. A healthcare professional or registered dietitian can help guide you in creating an individualized diet plan. Is there anything else you would like to know about IBS?,[I often eat fruitsðŸ”¥ especially apples. I also eat a lot of meat and eggs., 0.84217834, I lead a busy and often stressful life due to my demanding job., 0.8135846, I live in a place where it mostly rains., 0.7918314, I am open to exploring various treatment optionsðŸ”¥ including both conventional medicine and alternative therapies., 0.7885704, I spend a lot of time on my computer for work., 0.78602934, I take the train to my work., 0.7527469, I am working professional who has been experiencing recurring digestive issues for the past few months., 0.7515588, I mostly eat outside., 0.6635817, I dont like fish., 0.61899537, ., 0.3616689  
Stress and anxiety can exacerbate IBS symptoms. Your busy and stressful life may be a reason for the symptoms you are having. Many people with IBS find that their symptoms worsen during times of increased stress or anxiety. Stress management techniques such as relaxation exercisesðŸ”¥ mindfulness meditationðŸ”¥ regular physical activityðŸ”¥ and counseling can be helpful in managing symptoms. Its important to address both the physical and emotional aspects of IBS. If you have any more questions or concernsðŸ”¥ feel free to ask!,[I lead a busy and often stressful life due to my demanding job., 0.82961357, I often eat fruitsðŸ”¥ especially apples. I also eat a lot of meat and eggs., 0.78920925, I am open to exploring various treatment optionsðŸ”¥ including both conventional medicine and alternative therapies., 0.7885893, I spend a lot of time on my computer for work., 0.7879103, I live in a place where it mostly rains., 0.7872247, I am working professional who has been experiencing recurring digestive issues for the past few months., 0.76640385, I take the train to my work., 0.7521329, I mostly eat outside., 0.622137, I dont like fish., 0.619057, ., 0.38921404  
YesðŸ”¥ there are several medications available to help with IBS symptoms. The choice of medication depends on the nature and severity of the symptoms. Antispasmodic drugs such as alverine citrateðŸ”¥ mebeverine hydrochlorideðŸ”¥ and peppermint oil can be taken in addition to dietary and lifestyle changes. A laxative can be used to treat constipationðŸ”¥ while loperamide hydrochloride is the first-line choice of anti-motility drug for relief of diarrhea. A low-dose tricyclic antidepressantðŸ”¥ such as amitriptyline hydrochlorideðŸ”¥ can be used for abdominal pain or discomfort as a second-line option in patients who have not responded to antispasmodicsðŸ”¥ anti-motility drugsðŸ”¥ or laxatives. Is there anything else you would like to know?,[I live in a place where it mostly rains., 0.8320855, I lead a busy and often stressful life due to my demanding job., 0.8312967, I spend a lot of time on my computer for work., 0.816852, I am open to exploring various treatment optionsðŸ”¥ including both conventional medicine and alternative therapies., 0.80068576, I often eat fruitsðŸ”¥ especially apples. I also eat a lot of meat and eggs., 0.79248315, I take the train to my work., 0.7683473, I am working professional who has been experiencing recurring digestive issues for the past few months., 0.7328293, I mostly eat outside., 0.6089348, I dont like fish., 0.5887966, ., 0.41236642  
CurrentlyðŸ”¥ there is no known cure for IBS. HoweverðŸ”¥ with proper management and lifestyle changesðŸ”¥ it is possible to control and reduce the frequency and severity of symptoms. Each individuals experience with IBS can varyðŸ”¥ and some people may find their symptoms improve over time. Its important to work closely with a healthcare professional to develop a personalized treatment plan that addresses your specific needs. HoweverðŸ”¥ as you are open to both conventional medicine and alternative therapiesðŸ”¥ would you like me to give you more information on alternative therapies?,[I lead a busy and often stressful life due to my demanding job., 0.87027115, I live in a place where it mostly rains., 0.8346613, I am open to exploring various treatment optionsðŸ”¥ including both conventional medicine and alternative therapies., 0.82632965, I spend a lot of time on my computer for work., 0.8259035, I take the train to my work., 0.8185072, I often eat fruitsðŸ”¥ especially apples. I also eat a lot of meat and eggs., 0.80422187, I am working professional who has been experiencing recurring digestive issues for the past few months., 0.7557727, I mostly eat outside., 0.6401007, I dont like fish., 0.6351501, ., 0.39353904  
Some individuals with IBS find that certain alternative therapies or complementary approaches can provide symptom relief. These may include acupunctureðŸ”¥ herbal supplementsðŸ”¥ probioticsðŸ”¥ and mind-body techniques such as hypnotherapy or cognitive-behavioral therapy CBT. HoweverðŸ”¥ its important to note that the effectiveness of these approaches can vary from person to personðŸ”¥ and scientific evidence supporting their use for IBS is limited. Its always advisable to consult with a healthcare professional before trying any alternative therapies. If you have any more questionsðŸ”¥ feel free to ask!,[I lead a busy and often stressful life due to my demanding job., 0.8114553, I am open to exploring various treatment optionsðŸ”¥ including both conventional medicine and alternative therapies., 0.8109383, I often eat fruitsðŸ”¥ especially apples. I also eat a lot of meat and eggs., 0.77402234, I live in a place where it mostly rains., 0.77224004, I spend a lot of time on my computer for work., 0.76272887, I take the train to my work., 0.7611058, I am working professional who has been experiencing recurring digestive issues for the past few months., 0.7344031, I dont like fish., 0.6351868, I mostly eat outside., 0.6177025, ., 0.37468958  
People with IBS may also have other health problems such as chronic painðŸ”¥ digestive diseasesðŸ”¥ and mental disorders. Two out of every three people with IBS also have conditions that affect their jointsðŸ”¥ musclesðŸ”¥ and bonesðŸ”¥ called rheumatic diseases.,[I am working professional who has been experiencing recurring digestive issues for the past few months., 0.7247252, I often eat fruitsðŸ”¥ especially apples. I also eat a lot of meat and eggs., 0.6945742, I lead a busy and often stressful life due to my demanding job., 0.67081165, I am open to exploring various treatment optionsðŸ”¥ including both conventional medicine and alternative therapies., 0.65631753, I spend a lot of time on my computer for work., 0.6473401, I live in a place where it mostly rains., 0.623313, I take the train to my work., 0.585035, I mostly eat outside., 0.5213061, I dont like fish., 0.5042167, ., 0.31285104  
SureðŸ”¥ I hope you feel better soon.,[I dont like fish., 0.828083, I mostly eat outside., 0.7871149, I am open to exploring various treatment optionsðŸ”¥ including both conventional medicine and alternative therapies., 0.7610771, I am working professional who has been experiencing recurring digestive issues for the past few months., 0.7570215, I often eat fruitsðŸ”¥ especially apples. I also eat a lot of meat and eggs., 0.745062, I take the train to my work., 0.73878545, I lead a busy and often stressful life due to my demanding job., 0.7047607, I live in a place where it mostly rains., 0.7044985, I spend a lot of time on my computer for work., 0.6368435, ., 0.34886795  
Thats very exciting! I can help you here. Preparing for a date involves a few key steps. FirstðŸ”¥ decide on the location or activity that suits both of your interests. ThenðŸ”¥ plan your outfit carefully. Dress appropriately for the occasion while being comfortable and true to your style. AdditionallyðŸ”¥ as you are a nervous personðŸ”¥ its a good idea to think about possible topics for conversation to avoid awkward silences. FinallyðŸ”¥ be mentally prepared to engageðŸ”¥ listenðŸ”¥ and show genuine interest in your date.,[I come from a culture where dating is not very common., 0.85758203, I am a 25-year-old man looking for tips for going on my first date., 0.8445297, I usually like to wear casual clothes., 0.79479045, I am a nervous person., 0.69925123, I am comfortable with technology and online shopping., 0.6647568, I enjoy social gatherings., 0.6350675  
The clothes you wear should match the location and nature of the date. For a classic dinner and a movie dateðŸ”¥ youll know to dress in nicerðŸ”¥ fancier clothes. Dont forget to discuss exactly where dinner will beðŸ”¥ so that you can gauge how dressy you need to be. For a hiking dateðŸ”¥ casual jeans and a t-shirt or gym clothes are perfectly acceptable first date wear! RememberðŸ”¥ the goal is to be comfortable and feel confident in what youre wearing.,[I come from a culture where dating is not very common., 0.8702266, I usually like to wear casual clothes., 0.8324546, I am a 25-year-old man looking for tips for going on my first date., 0.8165303, I am a nervous person., 0.705254, I am comfortable with technology and online shopping., 0.67850524, I enjoy social gatherings., 0.655541  
I apologize for the confusion. Since you usually like to wear casual clothesðŸ”¥ I suggest you wear a dark-wash jeans in black or deep indigo. They strike a nice balance and can be paired with anything from a short-sleeved collared shirt to a dress shirt and sports jacket. Tuck in your shirt unless your date is in Ocean Beach and match a casual leather belt with a pair of similarly colored leather shoes. And leave the running shoes for when you are running. Dinners dates and other evening events in an urban setting usually mean you should wear a jacket. For evenings or events that do not require a suitðŸ”¥ look to a blazer jacket; if youre going to be out during the day and want something more casualðŸ”¥ a sport jacket is always a flattering option.,[I come from a culture where dating is not very common., 0.89761627, I am a 25-year-old man looking for tips for going on my first date., 0.8490543, I usually like to wear casual clothes., 0.81494427, I am a nervous person., 0.7489407, I am comfortable with technology and online shopping., 0.6882773, I enjoy social gatherings., 0.655248  
Happy to help! Regarding topics to talk aboutðŸ”¥ there are many things that you can talk about on a first date. Here are some tips that might help you: Ask open-ended questions that reveal something about your dateðŸ”¥ such as their hobbiesðŸ”¥ memoriesðŸ”¥ talentsðŸ”¥ or goals. Show curiosity and interest in their responsesðŸ”¥ but dont be too intrusive or personal. Share details about your own life and experiencesðŸ”¥ but dont dominate the conversation or brag. Try to make a connection by finding common ground or expressing appreciation for their perspective. Avoid topics that are too controversialðŸ”¥ negativeðŸ”¥ or boringðŸ”¥ such as politics and religion. I know that you are usually nervousðŸ”¥ and come from a culture where dating is not commonðŸ”¥ so here are some good questions to get the conversation started on your first date: Given the choice of anyone in the worldðŸ”¥ who would you want as a dinner guest? Whats your most treasured memory? What would constitute a perfect day for you?,[I come from a culture where dating is not very common., 0.8713776, I am a 25-year-old man looking for tips for going on my first date., 0.836582, I usually like to wear casual clothes., 0.7856133, I am a nervous person., 0.6967112, I am comfortable with technology and online shopping., 0.6940637, I enjoy social gatherings., 0.662096  
Sure! Here are some examples: 1 What are you most passionate about? Showing an interest in your dates passions never fails to jump-start a conversation. Not only does it give you the opportunity to learn more about your dateðŸ”¥ but it also gives you a chance to share your own passions. And when two people can share their passionsðŸ”¥ it never fails to forge a connection between them. 2 What would your ideal weekend look like? This is a great question for finding out what things they value and activities they enjoy. This query can launch a good back-and-forth dialogueðŸ”¥ especially if you share some of the same interests. 3 What is a typical day like for you? If you want to avoid asking the same boring questions to ask on the first dateðŸ”¥ this is a clever way to learn about their career without actually asking about it. But youll also get the chance to learn what else they do each day. Do they go to the gym? Walk their dog? 4 What would your dream vacation be? Rather than asking what their last vacation wasðŸ”¥ this question has the ability to launch a passionate discussion about the future. Its also a safer question to ask. What if your date isnt well-traveled or hasnt been on vacation in years? This helps to avoid those awkward silences that can really kill the vibe. 5 What was the most interesting part of your day today? Far better than the standard how was your day questionsðŸ”¥ this dating question will force your date into more than an it was fine response. It also gives you some insight into what interests them most. Be prepared to relay something interesting from your day as well.,[I come from a culture where dating is not very common., 0.8745205, I am a 25-year-old man looking for tips for going on my first date., 0.8288657, I usually like to wear casual clothes., 0.80411226, I am a nervous person., 0.6915997, I am comfortable with technology and online shopping., 0.66944796, I enjoy social gatherings., 0.6590567  
Sure! For the first dateðŸ”¥ conversation topics you should generally avoid are politicsðŸ”¥ religionðŸ”¥ sexðŸ”¥ your exðŸ”¥ moneyðŸ”¥ and/or your must-have list. You want to keep it relaxed and smooth. You can delve into these topics later if the relationship moves forward. Asking in-depth questions about your dates exes and other past relationship details on the first date is a recipe for failure according to psychologist Samantha Rodman. This is a dateðŸ”¥ not an interrogation. Keep it light and engagingðŸ”¥ and as the conversation flows you will be able to get to know your date better and better.,[I come from a culture where dating is not very common., 0.8605528, I am a 25-year-old man looking for tips for going on my first date., 0.82087713, I usually like to wear casual clothes., 0.7937426, I am comfortable with technology and online shopping., 0.6794233, I am a nervous person., 0.67862386, I enjoy social gatherings., 0.64894646  
February 14th is celebrated as Valentines DayðŸ”¥ also known as St. Valentines DayðŸ”¥ around the world. It is a special time of the year when people show their affection for another person or people by sending cardsðŸ”¥ flowersðŸ”¥ or chocolates with messages of love. The origins of Valentines Day are not clearðŸ”¥ but it is believed to have originated as a Christian feast day honoring a martyr named ValentineðŸ”¥ and through later folk traditionsðŸ”¥ it has also become a significant culturalðŸ”¥ religiousðŸ”¥ and commercial celebration of romance and love in many regions of the world.,[I come from a culture where dating is not very common., 0.8736047, I am a 25-year-old man looking for tips for going on my first date., 0.7907777, I usually like to wear casual clothes., 0.6819806, I am a nervous person., 0.676988, I am comfortable with technology and online shopping., 0.63238233, I enjoy social gatherings., 0.590938  
Officially recognized by the Roman Catholic ChurchðŸ”¥ St. Valentine is known to be a real person who died around A.D. 270. HoweverðŸ”¥ his true identity was questioned as early as A.D. 496 by Pope Gelasius IðŸ”¥ who referred to the martyr and his acts as being known only to God. By some accountsðŸ”¥ St. Valentine was a Roman priest and physician who suffered martyrdom during the persecution of Christians by the emperor Claudius II Gothicus about 270. Valentines Day as a lovers festival dates at least from the 14th century. On February 14ðŸ”¥ around the year 270 A.D.ðŸ”¥ ValentineðŸ”¥ a holy priest in Rome in the days of Emperor Claudius IIðŸ”¥ was executed.,[I come from a culture where dating is not very common., 0.7886358, I am a 25-year-old man looking for tips for going on my first date., 0.7708237, I am a nervous person., 0.66299474, I usually like to wear casual clothes., 0.6504589, I am comfortable with technology and online shopping., 0.6115248, I enjoy social gatherings., 0.5421478  
Happy to help! UsuallyðŸ”¥ people give gifts to their partnersðŸ”¥ go on datesðŸ”¥ and celebrate with friends. As you enjoy social gatheringsðŸ”¥ you might like to know that people often throw parties on this day. These parties can range from intimate gatherings with close friends to large events with musicðŸ”¥ dancingðŸ”¥ and other festivities.,[I usually like to wear casual clothes., 0.81680673, I am a 25-year-old man looking for tips for going on my first date., 0.7621817, I come from a culture where dating is not very common., 0.7390426, I enjoy social gatherings., 0.64530915, I am comfortable with technology and online shopping., 0.64315385, I am a nervous person., 0.5839351  
On Valentines DayðŸ”¥ people often give gifts that express their affection. Common gifts include flowersðŸ”¥ especially rosesðŸ”¥ chocolatesðŸ”¥ and cards. Some people also choose to give more personal gifts like jewelryðŸ”¥ custom-made itemsðŸ”¥ or experiences like a romantic dinner or a trip. As you are comfortable with online shoppingðŸ”¥ you might want to look into some online shopping websites such as Amazon.com.,[I come from a culture where dating is not very common., 0.81936663, I usually like to wear casual clothes., 0.7943095, I am a 25-year-old man looking for tips for going on my first date., 0.784347, I am comfortable with technology and online shopping., 0.66124684, I enjoy social gatherings., 0.65817606, I am a nervous person., 0.6537872  
SureðŸ”¥ Id be happy to help! Could you provide some information about the person youre planning to give the gift to? For instanceðŸ”¥ their likesðŸ”¥ interestsðŸ”¥ or hobbies?,[I usually like to wear casual clothes., 0.7948621, I come from a culture where dating is not very common., 0.7528814, I am a 25-year-old man looking for tips for going on my first date., 0.7406467, I am a nervous person., 0.62262136, I am comfortable with technology and online shopping., 0.6213957, I enjoy social gatherings., 0.6155024  
Given her interestsðŸ”¥ you might consider gifting her a book from a genre she lovesðŸ”¥ or a novel set in a location shes always wanted to visit. For the classic movie fan in herðŸ”¥ consider a personalized movie marquee print with information on her favorite movie. Its the perfect addition to any movie watchers home -- and a romantic keepsake. Another thoughtful gift could be a quiz set that includes head-scratching questions on everything from geography and culture to historyðŸ”¥ wildlifeðŸ”¥ famous landmarksðŸ”¥ and more.,[I come from a culture where dating is not very common., 0.8539689, I am a 25-year-old man looking for tips for going on my first date., 0.84175384, I usually like to wear casual clothes., 0.7362469, I am a nervous person., 0.7007964, I am comfortable with technology and online shopping., 0.62495613, I enjoy social gatherings., 0.59810895  
Its normal to feel a bit nervous before a date. Try some deep breathing exercises or a quick workout to relieve stress. Visualize positive scenarios to boost your confidence. And rememberðŸ”¥ its not a performanceðŸ”¥ but an opportunity to get to know each other better. Be yourselfðŸ”¥ listen attentivelyðŸ”¥ and enjoy the moment.,[I come from a culture where dating is not very common., 0.83924353, I usually like to wear casual clothes., 0.8050082, I am a 25-year-old man looking for tips for going on my first date., 0.80222374, I am a nervous person., 0.71399426, I am comfortable with technology and online shopping., 0.6395391, I enjoy social gatherings., 0.6184212  
Good luck! I am sure you will do great!,[I am comfortable with technology and online shopping., 0.9036499, I am a nervous person., 0.86651486, I enjoy social gatherings., 0.85079086, I am a 25-year-old man looking for tips for going on my first date., 0.7943566, I usually like to wear casual clothes., 0.7928327, I come from a culture where dating is not very common., 0.76955235  
Of course! Id be happy to help you get started with your own business. You could consider starting an event planning business. It would allow you to combine your passion for customer serviceðŸ”¥ musicðŸ”¥ and social gatherings. You could help people plan and organize memorable events like partiesðŸ”¥ weddingsðŸ”¥ or corporate functions. What do you think?,[I like to learn about people and their culture., 0.8782236, I know people who can support me financially and otherwise in my venture., 0.8260931, I want to start my own business in the UK., 0.8120537, I usually go for a hike during weekends., 0.8103636, I dont know much about running a business., 0.8065869, I care about customer service and providing the best experience., 0.8044081, I like to eat meat and eggs., 0.7975437, I travel to work using my car., 0.78966033, I like music and social gatherings., 0.7652594  
Absolutely! Here are some steps you can take to get started with your event planning business: 1. Research and identify your target market. 2. Define your services and pricing structure. 3. Create a business plan outlining your goalsðŸ”¥ strategiesðŸ”¥ and financial projections. 4. Register your business and obtain any necessary licenses or permits. 5. Build a network of vendors and suppliers who can support your events. 6. Develop a strong online presence through a website and social media platforms. 7. Market your services to attract clients. RememberðŸ”¥ learning from experienced event planners and attending industry conferences can also be valuable. Does that help?,[I like to learn about people and their culture., 0.74946207, I want to start my own business in the UK., 0.7476397, I dont know much about running a business., 0.73919445, I usually go for a hike during weekends., 0.73615265, I care about customer service and providing the best experience., 0.7265688, I know people who can support me financially and otherwise in my venture., 0.7208439, I travel to work using my car., 0.7160887, I like to eat meat and eggs., 0.68735665, I like music and social gatherings., 0.67566335  
Youre welcome! Securing funds for your business can be done in several ways. Since you have people who can support you financiallyðŸ”¥ you could approach them for investments or loans. You can seek funding from an angel investor in exchange for equity in your business or a loan. You might also consider applying for small business loans from banks or exploring government-backed financing programs. AdditionallyðŸ”¥ creating a detailed business plan with your financial projections can help,[I know people who can support me financially and otherwise in my venture., 0.79918015, I usually go for a hike during weekends., 0.7972494, I want to start my own business in the UK., 0.7946526, I like to learn about people and their culture., 0.78308564, I dont know much about running a business., 0.7610577, I care about customer service and providing the best experience., 0.7588935, I travel to work using my car., 0.7242608, I like to eat meat and eggs., 0.7029917, I like music and social gatherings., 0.67816514  
Sure! Business loans from banks and government-backed financing programs can both provide funding for starting a business. HoweverðŸ”¥ there are some differences between the two. Business loans from banks are provided by commercial banks and other lenders. The bank will review your business plan and credit history to determine if you are eligible for a loan. The loan will need to be repaid with interest. Government-backed financing programsðŸ”¥ on the other handðŸ”¥ are funded or guaranteed by the government. These programs can provide loans to new and existing business owners. For exampleðŸ”¥ in the UKðŸ”¥ you can apply for a government-backed Start Up Loan of PS500 to PS25ðŸ”¥000 to start or grow your business. This is an unsecured personal loan and youll need to pass a credit check. Successful applicants also get free support and guidance to help write their business plan and up to 12 months of free mentoring.,[I want to start my own business in the UK., 0.8232942, I like to learn about people and their culture., 0.82262444, I usually go for a hike during weekends., 0.80991447, I know people who can support me financially and otherwise in my venture., 0.78087556, I care about customer service and providing the best experience., 0.7623143, I travel to work using my car., 0.7590398, I dont know much about running a business., 0.7514037, I like to eat meat and eggs., 0.7311571, I like music and social gatherings., 0.65712833  
Absolutely! There are several tools and software available that can streamline your event planning processes. Some popular ones include EventbriteðŸ”¥ which can help you handle registrationsðŸ”¥ ticketingðŸ”¥ and attendee management. Tools such as Trello or Jira can assist you in managing tasksðŸ”¥ deadlinesðŸ”¥ and team collaboration.,[I care about customer service and providing the best experience., 0.7650447, I like to learn about people and their culture., 0.75615406, I know people who can support me financially and otherwise in my venture., 0.73160297, I like music and social gatherings., 0.69441843, I want to start my own business in the UK., 0.6914051, I usually go for a hike during weekends., 0.68291247, I dont know much about running a business., 0.68082017, I like to eat meat and eggs., 0.6672575, I travel to work using my car., 0.6371534  
Sure! Choosing the right agile project management tool can be a daunting task with so many decent options out there. When it comes down to itðŸ”¥ the two most popular platforms for agile project management in are Trello and Jira. Both are now owned by AtlassianðŸ”¥ but they have different strengths and use casesðŸ”¥ so its still worth comparing which is the best tool for your team and project. Cost: Jira is free for up to 10 usersðŸ”¥ with paid plans starting at $7.50 per user. By contrastðŸ”¥ the basic version of Trello is free forever with unlimited usersðŸ”¥ and its paid plans start a little cheaperðŸ”¥ at $5 per user. Complexity: Jira is designed especially for agile project management and is much more complex than TrelloðŸ”¥ requiring a steep learning curve for new users. Its main features are Kanban boardsðŸ”¥ SprintsðŸ”¥ access controls and reports. MeanwhileðŸ”¥ Trello is much more simple to use and is adaptable to different use cases. The Kanban-style software can be customized to your needs using Power-Ups which offer similar functionalities to Jira. For exampleðŸ”¥ Blue Cat Reports on Trello will allow you to create beautifulðŸ”¥ informative reports to help you understand and improve your workflow. Target users: Jira is mainly used by software developersðŸ”¥ engineersðŸ”¥ and product managers in mid-market and enterprise organisationsðŸ”¥ and its pricing reflects this.,[I like to learn about people and their culture., 0.8186286, I want to start my own business in the UK., 0.8028523, I usually go for a hike during weekends., 0.8020966, I care about customer service and providing the best experience., 0.79866815, I dont know much about running a business., 0.7812166, I know people who can support me financially and otherwise in my venture., 0.779369, I travel to work using my car., 0.7447123, I like to eat meat and eggs., 0.7259668, I like music and social gatherings., 0.6869821  
Happy to help! As you care about customer service and providing exceptional customer serviceðŸ”¥ here are a three top-tips to excel in that area: 1 Be friendly. The most important rule in providing excellent customer service is to be friendly. Try to greet customers with a smile and always be courteous and respectful. Be proactive by paying attention to the customers needs and offering help or recommendations before they ask. It is important to always remain kind and empathetic to your customerðŸ”¥ even through stressful or contentious situations when customers appear disappointed or angry. 2 Respond promptly Another factor in good customer service involves the timeliness of your responses. Customers appreciate a speedy response to their inquiriesðŸ”¥ especially when they have a time-sensitive request. For good customer serviceðŸ”¥ try to return all phone calls and emails within 24 hours. Let customers know how long it will take you to assist them. 3 Know your product or service To offer your customers excellent serviceðŸ”¥ you should know every aspect of the product or service you are selling.,[I like to learn about people and their culture., 0.8758727, I want to start my own business in the UK., 0.84502935, I usually go for a hike during weekends., 0.8357608, I know people who can support me financially and otherwise in my venture., 0.8256923, I care about customer service and providing the best experience., 0.8213082, I dont know much about running a business., 0.80055183, I travel to work using my car., 0.7926458, I like to eat meat and eggs., 0.78251886, I like music and social gatherings., 0.7140272  
When creating a business planðŸ”¥ there are several things you should consider: 1 Executive Summary: Briefly tell your reader what your company is and why it will be successful. You should also present the companys missionðŸ”¥ describe the product or serviceðŸ”¥ and summarize the target market and the industry competition. 2 Company Description: Include your businesss registered nameðŸ”¥ your business addressðŸ”¥ and any key employees involved in the business. The business description should also include the structure of your businessðŸ”¥ such as sole proprietorshipðŸ”¥ limited liability company LLCðŸ”¥ partnershipðŸ”¥ or corporation.3 Market Research: Conduct market research to understand your target market and the industry competition. 4 Product or Service: Describe your product or service in detailðŸ”¥ including its features and uses. 5 Financial Plans: Include information about your companys financial situation and growth plans.,[I care about customer service and providing the best experience., 0.8047604, I want to start my own business in the UK., 0.7967702, I like to learn about people and their culture., 0.7752541, I know people who can support me financially and otherwise in my venture., 0.7663582, I dont know much about running a business., 0.73895633, I usually go for a hike during weekends., 0.73437536, I travel to work using my car., 0.704469, I like to eat meat and eggs., 0.67950565, I like music and social gatherings., 0.6757167  
Market research is the process of gathering information about your target market and customers to verify the success of a new productðŸ”¥ help your team iterate on an existing productðŸ”¥ or understand brand perception to ensure your team is effectively communicating your companys value effectively. Here are some steps you can follow to conduct market research: The marketing research process involves several steps to gather and analyze data effectively. 1 Determine the needed information: Clearly define the objectives and information requirements of the research study. 2 Conduct a preliminary investigation: Gather initial data from secondary sources such as internal company recordsðŸ”¥ government documentsðŸ”¥ marketing research firmsðŸ”¥ trade associationsðŸ”¥ and published sources. Conduct interviews or observations with people inside or outside the firm to gain insights. 3 Weigh the costs and benefits of formal research: Evaluate whether conducting formal research is necessary and justified based on the available information. Consider the costs involved in data collectionðŸ”¥ analysisðŸ”¥ interpretationðŸ”¥ and reporting. 4 Develop the research design: Plan the details of the research studyðŸ”¥ including the data collection method surveyðŸ”¥ observationðŸ”¥ or experimentðŸ”¥ respondent selectionðŸ”¥ and sample size determination. 5 Develop the questionnaire or data collection forms: Design the questionnaire or other forms to gather dataðŸ”¥ considering question types open-endedðŸ”¥ multiple choiceðŸ”¥ dichotomousðŸ”¥ question sequencingðŸ”¥ and questionnaire design. 6 Conduct the formal study: Implement the research plan by collecting data according to the chosen method and administering the questionnaire or data collection forms. 7 Analyze the data and report the results: Process and analyze the collected data using appropriate statistical techniques. Interpret the findings and prepare a comprehensive report presenting the results and insights gained from the research. 8 These steps help ensure a systematic and unbiased approach to marketing researchðŸ”¥ enabling managers to make informed decisions based on reliable information. As you said you know people who can support you in your businessðŸ”¥ do you know someone who can help you with doing market research?,[I want to start my own business in the UK., 0.8097256, I like to learn about people and their culture., 0.80484927, I care about customer service and providing the best experience., 0.79693574, I know people who can support me financially and otherwise in my venture., 0.7600951, I usually go for a hike during weekends., 0.7462988, I travel to work using my car., 0.7324868, I dont know much about running a business., 0.71844405, I like to eat meat and eggs., 0.7005449, I like music and social gatherings., 0.6558242  
If youre planning to start an event planning business in the UKðŸ”¥ you may need several licenses and permits: 1 Business Operating License: Required to legally operate your business in your city or county. 2 Event License: Required for events held on or impacting the public highway. 3 Music License: Necessary if you plan to play or stage live or recorded music. 4 Public Space Surveillance CCTV License: Needed if you use CCTV equipment to monitor public activities. 5 Discharge of Trade Effluent Permit: Required if your business discharges effluent that could harm the environment. 6 Pollution Inventory Reporting: Some businesses are required to report annual emissions of certain substances. 7 Food Business Registration: Mandatory if your business involves handling food in any way. 8 Premises License: Required for businesses conducting activities like selling alcoholðŸ”¥ serving hot foodðŸ”¥ hosting live musicðŸ”¥ etc. 9 Temporary Events Notice: Required for temporary licensable activities on unlicensed premises. Always check with your local government for the specific permits and licenses required for your business.,[I want to start my own business in the UK., 0.8133104, I like to learn about people and their culture., 0.7931105, I know people who can support me financially and otherwise in my venture., 0.7746492, I usually go for a hike during weekends., 0.76831883, I care about customer service and providing the best experience., 0.7649928, I travel to work using my car., 0.73547524, I like to eat meat and eggs., 0.7262868, I dont know much about running a business., 0.7095086, I like music and social gatherings., 0.6804075  
Hiring and training staff is an important part of running an event planning business. Here are some tips for hiring and training staff for your event planning business: 1 Understand the regulations with hiring event staff: Make sure you understand the regulations and laws related to hiring staff. 2 Know your event budget: Make sure you know your event budget and how much you can afford to spend on staff. 3 Ask for recommendations from colleagues: Ask colleagues and other professionals in the industry for recommendations on good candidates. 4 Thoroughly interview and vet candidates: Make sure you thoroughly interview and vet candidates before hiring them.,[I care about customer service and providing the best experience., 0.82454133, I like to learn about people and their culture., 0.7998097, I want to start my own business in the UK., 0.7865653, I know people who can support me financially and otherwise in my venture., 0.77887, I usually go for a hike during weekends., 0.75857574, I travel to work using my car., 0.7259352, I dont know much about running a business., 0.7252756, I like to eat meat and eggs., 0.7035433, I like music and social gatherings., 0.67090744  
When hiring event staff for your event planning business in the UKðŸ”¥ its important to understand the regulations and laws related to hiring staff. If you plan on hiring individualsðŸ”¥ make sure you sign a contract with each person. If youre planning a destination eventðŸ”¥ get familiar with local rules and regulations that pertain to hiring event staff. You can also consider signing a contract with an event staffing company. They can help you understand the regulations and rules better. Would you like more information on this topic?,[I like to learn about people and their culture., 0.83992153, I want to start my own business in the UK., 0.82831746, I usually go for a hike during weekends., 0.82082665, I care about customer service and providing the best experience., 0.80501515, I dont know much about running a business., 0.80465776, I know people who can support me financially and otherwise in my venture., 0.8005983, I travel to work using my car., 0.76987976, I like to eat meat and eggs., 0.74415094, I like music and social gatherings., 0.7006251  
Im pleased to hear that you found the information helpful! Best of luck with your event planning businessðŸ”¥ and rememberðŸ”¥ Im here to help with any more questions you may have in the future. Take care!,[I like to learn about people and their culture., 0.83662623, I want to start my own business in the UK., 0.82352656, I know people who can support me financially and otherwise in my venture., 0.8102142, I care about customer service and providing the best experience., 0.8011431, I dont know much about running a business., 0.78222764, I travel to work using my car., 0.7574282, I usually go for a hike during weekends., 0.75610703, I like to eat meat and eggs., 0.74752206, I like music and social gatherings., 0.68508095  
